n_personas,persona,role,rank,word,weight
5,0,agent,1,said,1.4483182430267334
5,0,agent,2,had,0.9742327928543091
5,0,agent,3,looked,0.9193468689918518
5,0,agent,4,asked,0.8978388905525208
5,0,agent,5,know,0.8945723176002502
5,0,agent,6,have,0.866653561592102
5,0,agent,7,felt,0.8549892902374268
5,0,agent,8,thought,0.8119497895240784
5,0,agent,9,wanted,0.8005638122558594
5,0,agent,10,saw,0.7612196803092957
5,0,agent,11,see,0.7510961294174194
5,0,agent,12,want,0.7236242294311523
5,0,agent,13,think,0.7060787081718445
5,0,agent,14,sat,0.6783689856529236
5,0,agent,15,say,0.658950686454773
5,0,agent,16,feel,0.6319981217384338
5,0,agent,17,came,0.6298897862434387
5,0,agent,18,do,0.5967406630516052
5,0,agent,19,go,0.591126561164856
5,0,agent,20,stood,0.5551379323005676
5,0,agent,21,got,0.5524303913116455
5,0,agent,22,put,0.5497691035270691
5,0,agent,23,going,0.5491952300071716
5,0,agent,24,come,0.5447467565536499
5,0,agent,25,tell,0.5422902703285217
5,0,agent,26,left,0.5419798493385315
5,0,agent,27,get,0.48472458124160767
5,0,agent,28,let,0.45327991247177124
5,0,agent,29,like,0.42896798253059387
5,0,agent,30,take,0.4248002767562866
5,0,agent,31,remember,0.42349153757095337
5,0,agent,32,look,0.4138396084308624
5,0,agent,33,hear,0.39315298199653625
5,0,agent,34,understand,0.3734797239303589
5,0,agent,35,need,0.37347760796546936
5,0,agent,36,help,0.3695278465747833
5,0,agent,37,read,0.33194059133529663
5,0,agent,38,make,0.32425621151924133
5,0,agent,39,find,0.3157660663127899
5,0,agent,40,ask,0.29188504815101624
5,0,agent,41,spoke,0.2858082354068756
5,0,agent,42,mean,0.27313777804374695
5,0,agent,43,love,0.26064255833625793
5,0,agent,44,try,0.2548973262310028
5,0,agent,45,become,0.244359090924263
5,0,agent,46,leave,0.2375824898481369
5,0,agent,47,arrived,0.23716741800308228
5,0,agent,48,give,0.230133518576622
5,0,agent,49,gone,0.21723805367946625
5,0,agent,50,believe,0.20781712234020233
5,0,patient,1,tell,1.0356463193893433
5,0,patient,2,see,0.9685495495796204
5,0,patient,3,asked,0.8729211688041687
5,0,patient,4,take,0.784376323223114
5,0,patient,5,saw,0.7149021625518799
5,0,patient,6,help,0.6626560091972351
5,0,patient,7,ask,0.6486616134643555
5,0,patient,8,left,0.6433993577957153
5,0,patient,9,find,0.6350077390670776
5,0,patient,10,thank,0.6104145646095276
5,0,patient,11,put,0.6100533604621887
5,0,patient,12,love,0.60941082239151
5,0,patient,13,keep,0.6043611764907837
5,0,patient,14,get,0.573519229888916
5,0,patient,15,know,0.5714015364646912
5,0,patient,16,call,0.5232380032539368
5,0,patient,17,watching,0.4932602643966675
5,0,patient,18,meet,0.4662880003452301
5,0,patient,19,bring,0.46569445729255676
5,0,patient,20,hurt,0.4513656497001648
5,0,patient,21,asking,0.4440939724445343
5,0,patient,22,stop,0.4327070713043213
5,0,patient,23,gone,0.4109109938144684
5,0,patient,24,leave,0.4079922139644623
5,0,patient,25,married,0.3929175138473511
5,0,patient,26,kiss,0.33759039640426636
5,0,patient,27,leaving,0.3271389305591583
5,0,patient,28,remind,0.293320894241333
5,0,patient,29,kill,0.2889658510684967
5,0,patient,30,touch,0.2863588333129883
5,0,patient,31,let,0.28553518652915955
5,0,patient,32,believe,0.28287243843078613
5,0,patient,33,visit,0.2811851501464844
5,0,patient,34,teach,0.26643240451812744
5,0,patient,35,show,0.2548515200614929
5,0,patient,36,pull,0.25457602739334106
5,0,patient,37,give,0.2379063367843628
5,0,patient,38,forgive,0.2378358542919159
5,0,patient,39,hold,0.23419174551963806
5,0,patient,40,like,0.22645017504692078
5,0,patient,41,force,0.21917112171649933
5,0,patient,42,got,0.2131669819355011
5,0,patient,43,send,0.2016584277153015
5,0,patient,44,protect,0.2009831815958023
5,0,patient,45,join,0.1996934413909912
5,0,patient,46,hear,0.19410496950149536
5,0,patient,47,want,0.18765844404697418
5,0,patient,48,remember,0.18333646655082703
5,0,patient,49,recognize,0.178317129611969
5,0,patient,50,watch,0.17731104791164398
5,0,possessive,1,mother,1.1765347719192505
5,0,possessive,2,head,1.0908550024032593
5,0,possessive,3,face,1.0457040071487427
5,0,possessive,4,hand,0.9888750314712524
5,0,possessive,5,father,0.9794150590896606
5,0,possessive,6,sister,0.9114071726799011
5,0,possessive,7,life,0.8907459378242493
5,0,possessive,8,hair,0.8544560670852661
5,0,possessive,9,husband,0.8530222773551941
5,0,possessive,10,room,0.8038520812988281
5,0,possessive,11,voice,0.7771093249320984
5,0,possessive,12,body,0.7747678756713867
5,0,possessive,13,mind,0.7439525723457336
5,0,possessive,14,daughter,0.7397419810295105
5,0,possessive,15,mouth,0.6887819766998291
5,0,possessive,16,heart,0.6696568727493286
5,0,possessive,17,family,0.6484664678573608
5,0,possessive,18,brother,0.6346974968910217
5,0,possessive,19,way,0.6190819144248962
5,0,possessive,20,son,0.6133548617362976
5,0,possessive,21,mom,0.610727071762085
5,0,possessive,22,uncle,0.6042624711990356
5,0,possessive,23,aunt,0.6002750396728516
5,0,possessive,24,arm,0.5943061113357544
5,0,possessive,25,grandmother,0.5734526515007019
5,0,possessive,26,dad,0.5707941651344299
5,0,possessive,27,name,0.5650591850280762
5,0,possessive,28,skin,0.5492042899131775
5,0,possessive,29,death,0.5188457369804382
5,0,possessive,30,own,0.5170620679855347
5,0,possessive,31,neck,0.5159561038017273
5,0,possessive,32,bed,0.5113739967346191
5,0,possessive,33,friend,0.4959859549999237
5,0,possessive,34,throat,0.4959646165370941
5,0,possessive,35,phone,0.4901677072048187
5,0,possessive,36,chest,0.4886358678340912
5,0,possessive,37,shoulder,0.47618764638900757
5,0,possessive,38,back,0.44045835733413696
5,0,possessive,39,cheek,0.4354563057422638
5,0,possessive,40,apartment,0.43052342534065247
5,0,possessive,41,stomach,0.4304814040660858
5,0,possessive,42,gaze,0.4275386333465576
5,0,possessive,43,nose,0.40068379044532776
5,0,possessive,44,home,0.3918343484401703
5,0,possessive,45,dress,0.3790092170238495
5,0,possessive,46,house,0.36203843355178833
5,0,possessive,47,side,0.3586246371269226
5,0,possessive,48,surprise,0.3580680191516876
5,0,possessive,49,forehead,0.35448363423347473
5,0,possessive,50,breath,0.35330623388290405
5,0,predicative,1,sure,0.9047943949699402
5,0,predicative,2,sorry,0.7465577125549316
5,0,predicative,3,afraid,0.656892716884613
5,0,predicative,4,happy,0.6525937914848328
5,0,predicative,5,girl,0.6279404759407043
5,0,predicative,6,right,0.5885041952133179
5,0,predicative,7,old,0.5559273958206177
5,0,predicative,8,tired,0.5511466860771179
5,0,predicative,9,ready,0.4883361756801605
5,0,predicative,10,woman,0.44863802194595337
5,0,predicative,11,aware,0.4126795828342438
5,0,predicative,12,good,0.40646040439605713
5,0,predicative,13,beautiful,0.3952217996120453
5,0,predicative,14,busy,0.3874031901359558
5,0,predicative,15,mother,0.3788653612136841
5,0,predicative,16,lucky,0.37468603253364563
5,0,predicative,17,child,0.3710319995880127
5,0,predicative,18,person,0.3635706901550293
5,0,predicative,19,angry,0.3579610288143158
5,0,predicative,20,dead,0.34441208839416504
5,0,predicative,21,sick,0.3204447329044342
5,0,predicative,22,fine,0.3116986155509949
5,0,predicative,23,pregnant,0.2964867353439331
5,0,predicative,24,alone,0.28390568494796753
5,0,predicative,25,sister,0.28333580493927
5,0,predicative,26,asleep,0.26789185404777527
5,0,predicative,27,nervous,0.26663580536842346
5,0,predicative,28,close,0.24456503987312317
5,0,predicative,29,man,0.21685285866260529
5,0,predicative,30,daughter,0.21143579483032227
5,0,predicative,31,free,0.19009004533290863
5,0,predicative,32,part,0.18630097806453705
5,0,predicative,33,proud,0.17679555714130402
5,0,predicative,34,friend,0.17456671595573425
5,0,predicative,35,frightened,0.17351670563220978
5,0,predicative,36,scared,0.15714190900325775
5,0,predicative,37,ill,0.15190427005290985
5,0,predicative,38,hungry,0.14635856449604034
5,0,predicative,39,concerned,0.12204130738973618
5,0,predicative,40,wrong,0.12170075625181198
5,0,predicative,41,determined,0.11369167268276215
5,0,predicative,42,awake,0.11069618910551071
5,0,predicative,43,interested,0.10902932286262512
5,0,predicative,44,first,0.10763397067785263
5,0,predicative,45,upset,0.09641321748495102
5,0,predicative,46,wife,0.08981367200613022
5,0,predicative,47,mistress,0.08410901576280594
5,0,predicative,48,stupid,0.08395777642726898
5,0,predicative,49,anxious,0.08341248333454132
5,0,predicative,50,prostitute,0.0809071958065033
5,1,agent,1,said,1.4311578273773193
5,1,agent,2,had,1.0273635387420654
5,1,agent,3,looked,0.9353896975517273
5,1,agent,4,asked,0.9239843487739563
5,1,agent,5,felt,0.841809868812561
5,1,agent,6,have,0.8312854766845703
5,1,agent,7,thought,0.8025714755058289
5,1,agent,8,know,0.7959135174751282
5,1,agent,9,saw,0.7797096967697144
5,1,agent,10,wanted,0.7696248292922974
5,1,agent,11,want,0.7464621663093567
5,1,agent,12,see,0.6965475082397461
5,1,agent,13,sat,0.687373697757721
5,1,agent,14,think,0.6591076254844666
5,1,agent,15,came,0.6406897306442261
5,1,agent,16,say,0.6343108415603638
5,1,agent,17,going,0.6053324341773987
5,1,agent,18,put,0.5842007398605347
5,1,agent,19,do,0.5822567939758301
5,1,agent,20,go,0.5792323350906372
5,1,agent,21,feel,0.5747668743133545
5,1,agent,22,stood,0.5497304201126099
5,1,agent,23,left,0.5416138768196106
5,1,agent,24,tell,0.5334020853042603
5,1,agent,25,got,0.530066967010498
5,1,agent,26,come,0.5057142376899719
5,1,agent,27,get,0.49856919050216675
5,1,agent,28,let,0.4685523211956024
5,1,agent,29,like,0.45781654119491577
5,1,agent,30,hear,0.4334332048892975
5,1,agent,31,take,0.4233147203922272
5,1,agent,32,look,0.4192522168159485
5,1,agent,33,need,0.40898633003234863
5,1,agent,34,remember,0.3893418610095978
5,1,agent,35,spoke,0.3464752435684204
5,1,agent,36,understand,0.34223487973213196
5,1,agent,37,read,0.3409023582935333
5,1,agent,38,make,0.3406578600406647
5,1,agent,39,ask,0.3259791135787964
5,1,agent,40,mean,0.3058920204639435
5,1,agent,41,help,0.2934844195842743
5,1,agent,42,believe,0.28881022334098816
5,1,agent,43,love,0.2860526442527771
5,1,agent,44,try,0.2732648253440857
5,1,agent,45,become,0.264346718788147
5,1,agent,46,lay,0.2627179026603699
5,1,agent,47,find,0.2619856297969818
5,1,agent,48,stop,0.2548746168613434
5,1,agent,49,arrived,0.2497165948152542
5,1,agent,50,leave,0.235060915350914
5,1,patient,1,tell,1.080129861831665
5,1,patient,2,see,0.9987196326255798
5,1,patient,3,asked,0.8986684679985046
5,1,patient,4,take,0.7415972948074341
5,1,patient,5,saw,0.7239311933517456
5,1,patient,6,help,0.6642305850982666
5,1,patient,7,ask,0.6388616561889648
5,1,patient,8,love,0.6211427450180054
5,1,patient,9,find,0.6181268692016602
5,1,patient,10,thank,0.6016721129417419
5,1,patient,11,put,0.5875557065010071
5,1,patient,12,know,0.574877917766571
5,1,patient,13,left,0.5718371272087097
5,1,patient,14,keep,0.5599595904350281
5,1,patient,15,get,0.5538648962974548
5,1,patient,16,call,0.4904525578022003
5,1,patient,17,bring,0.4674036204814911
5,1,patient,18,leave,0.461087703704834
5,1,patient,19,watching,0.4288812279701233
5,1,patient,20,asking,0.4244423806667328
5,1,patient,21,hurt,0.4152500331401825
5,1,patient,22,gone,0.4122377336025238
5,1,patient,23,married,0.39816170930862427
5,1,patient,24,meet,0.39024826884269714
5,1,patient,25,stop,0.386265367269516
5,1,patient,26,leaving,0.3676668405532837
5,1,patient,27,visit,0.3436224162578583
5,1,patient,28,kill,0.2924021780490875
5,1,patient,29,remind,0.2888615131378174
5,1,patient,30,let,0.2767401933670044
5,1,patient,31,touch,0.27440541982650757
5,1,patient,32,believe,0.26733189821243286
5,1,patient,33,kiss,0.25556138157844543
5,1,patient,34,show,0.2539924383163452
5,1,patient,35,send,0.24227477610111237
5,1,patient,36,want,0.24143259227275848
5,1,patient,37,join,0.2356899082660675
5,1,patient,38,force,0.2323177456855774
5,1,patient,39,protect,0.2276291847229004
5,1,patient,40,remember,0.22272096574306488
5,1,patient,41,pull,0.2053694874048233
5,1,patient,42,forgive,0.20497070252895355
5,1,patient,43,teach,0.20478320121765137
5,1,patient,44,like,0.20254965126514435
5,1,patient,45,hold,0.20226530730724335
5,1,patient,46,give,0.20036926865577698
5,1,patient,47,distract,0.19758039712905884
5,1,patient,48,push,0.18921591341495514
5,1,patient,49,recognize,0.17355725169181824
5,1,patient,50,hit,0.17352208495140076
5,1,possessive,1,mother,1.190775990486145
5,1,possessive,2,head,1.0932172536849976
5,1,possessive,3,face,1.0784152746200562
5,1,possessive,4,hand,0.96784907579422
5,1,possessive,5,father,0.9678312540054321
5,1,possessive,6,sister,0.8776010274887085
5,1,possessive,7,husband,0.8754491806030273
5,1,possessive,8,life,0.8569321036338806
5,1,possessive,9,hair,0.8478958606719971
5,1,possessive,10,voice,0.847805380821228
5,1,possessive,11,room,0.7878025770187378
5,1,possessive,12,body,0.7568247318267822
5,1,possessive,13,mind,0.7505296468734741
5,1,possessive,14,daughter,0.7380647659301758
5,1,possessive,15,mouth,0.7076264023780823
5,1,possessive,16,heart,0.6695794463157654
5,1,possessive,17,family,0.659643828868866
5,1,possessive,18,way,0.6330036520957947
5,1,possessive,19,son,0.6167286038398743
5,1,possessive,20,uncle,0.6088075041770935
5,1,possessive,21,arm,0.6069202423095703
5,1,possessive,22,bed,0.5757803916931152
5,1,possessive,23,name,0.5736120343208313
5,1,possessive,24,death,0.5687720775604248
5,1,possessive,25,aunt,0.5567103624343872
5,1,possessive,26,own,0.5497803092002869
5,1,possessive,27,skin,0.5477674603462219
5,1,possessive,28,shoulder,0.5466130971908569
5,1,possessive,29,brother,0.5412667989730835
5,1,possessive,30,phone,0.5249472260475159
5,1,possessive,31,neck,0.5115855932235718
5,1,possessive,32,grandmother,0.5114452242851257
5,1,possessive,33,friend,0.4972119629383087
5,1,possessive,34,throat,0.4963805377483368
5,1,possessive,35,chest,0.482750803232193
5,1,possessive,36,mom,0.475645512342453
5,1,possessive,37,dad,0.4746433198451996
5,1,possessive,38,cheek,0.4642387926578522
5,1,possessive,39,gaze,0.44116833806037903
5,1,possessive,40,stomach,0.43774354457855225
5,1,possessive,41,back,0.4376900792121887
5,1,possessive,42,home,0.42131614685058594
5,1,possessive,43,apartment,0.41183599829673767
5,1,possessive,44,side,0.40765437483787537
5,1,possessive,45,surprise,0.39883747696876526
5,1,possessive,46,nose,0.3907647430896759
5,1,possessive,47,dress,0.3864423930644989
5,1,possessive,48,breath,0.37292689085006714
5,1,possessive,49,work,0.35779324173927307
5,1,possessive,50,chin,0.33673328161239624
5,1,predicative,1,sure,0.8384420275688171
5,1,predicative,2,sorry,0.714532196521759
5,1,predicative,3,afraid,0.6566224098205566
5,1,predicative,4,girl,0.6500559449195862
5,1,predicative,5,happy,0.6431333422660828
5,1,predicative,6,right,0.5837618112564087
5,1,predicative,7,tired,0.5792911052703857
5,1,predicative,8,old,0.5734450221061707
5,1,predicative,9,beautiful,0.5028793215751648
5,1,predicative,10,good,0.4754403233528137
5,1,predicative,11,woman,0.4704751968383789
5,1,predicative,12,aware,0.44397372007369995
5,1,predicative,13,busy,0.43826058506965637
5,1,predicative,14,child,0.4304760694503784
5,1,predicative,15,ready,0.427243173122406
5,1,predicative,16,person,0.3848746418952942
5,1,predicative,17,angry,0.3808309733867645
5,1,predicative,18,sister,0.36713507771492004
5,1,predicative,19,asleep,0.353468120098114
5,1,predicative,20,lucky,0.3451555073261261
5,1,predicative,21,fine,0.33911627531051636
5,1,predicative,22,mother,0.33323436975479126
5,1,predicative,23,dead,0.3331313729286194
5,1,predicative,24,sick,0.3028509020805359
5,1,predicative,25,man,0.29031142592430115
5,1,predicative,26,pregnant,0.27895107865333557
5,1,predicative,27,alone,0.262227863073349
5,1,predicative,28,close,0.2432834357023239
5,1,predicative,29,nervous,0.23983630537986755
5,1,predicative,30,daughter,0.22479112446308136
5,1,predicative,31,hungry,0.2236015796661377
5,1,predicative,32,free,0.20917300879955292
5,1,predicative,33,proud,0.18322902917861938
5,1,predicative,34,part,0.18289844691753387
5,1,predicative,35,frightened,0.16352562606334686
5,1,predicative,36,friend,0.16149315237998962
5,1,predicative,37,ill,0.14274883270263672
5,1,predicative,38,interested,0.14219824969768524
5,1,predicative,39,awake,0.1374937742948532
5,1,predicative,40,determined,0.13117781281471252
5,1,predicative,41,scared,0.12604884803295135
5,1,predicative,42,stupid,0.12104048579931259
5,1,predicative,43,wrong,0.11063707619905472
5,1,predicative,44,anxious,0.09528054296970367
5,1,predicative,45,upset,0.09516671299934387
5,1,predicative,46,mistress,0.09314074367284775
5,1,predicative,47,one,0.09221825748682022
5,1,predicative,48,wife,0.08115013688802719
5,1,predicative,49,sad,0.07561087608337402
5,1,predicative,50,prostitute,0.07099192589521408
5,2,agent,1,said,1.4656416177749634
5,2,agent,2,had,0.9992712736129761
5,2,agent,3,looked,0.9527133703231812
5,2,agent,4,asked,0.8831318020820618
5,2,agent,5,know,0.8657497763633728
5,2,agent,6,have,0.8406825661659241
5,2,agent,7,felt,0.838141679763794
5,2,agent,8,saw,0.7912644743919373
5,2,agent,9,thought,0.7874186635017395
5,2,agent,10,want,0.7425169944763184
5,2,agent,11,wanted,0.7330798506736755
5,2,agent,12,think,0.6746721267700195
5,2,agent,13,see,0.6603352427482605
5,2,agent,14,came,0.6538146734237671
5,2,agent,15,sat,0.6491143703460693
5,2,agent,16,feel,0.602361798286438
5,2,agent,17,go,0.5967203378677368
5,2,agent,18,stood,0.5939375162124634
5,2,agent,19,put,0.5854364633560181
5,2,agent,20,do,0.580415666103363
5,2,agent,21,say,0.5711991190910339
5,2,agent,22,got,0.5479431748390198
5,2,agent,23,tell,0.5421363115310669
5,2,agent,24,left,0.5384993553161621
5,2,agent,25,going,0.538385808467865
5,2,agent,26,come,0.4902407228946686
5,2,agent,27,get,0.4897744655609131
5,2,agent,28,let,0.47483769059181213
5,2,agent,29,take,0.43264588713645935
5,2,agent,30,look,0.42871201038360596
5,2,agent,31,like,0.42691516876220703
5,2,agent,32,understand,0.415793776512146
5,2,agent,33,remember,0.407579243183136
5,2,agent,34,need,0.3999042809009552
5,2,agent,35,hear,0.39890187978744507
5,2,agent,36,make,0.34735095500946045
5,2,agent,37,spoke,0.34077689051628113
5,2,agent,38,read,0.33644425868988037
5,2,agent,39,help,0.30240482091903687
5,2,agent,40,love,0.288638710975647
5,2,agent,41,ask,0.28671538829803467
5,2,agent,42,find,0.2616612911224365
5,2,agent,43,mean,0.24215289950370789
5,2,agent,44,believe,0.2373882681131363
5,2,agent,45,become,0.2349969744682312
5,2,agent,46,arrived,0.23039457201957703
5,2,agent,47,try,0.22707407176494598
5,2,agent,48,give,0.2242983728647232
5,2,agent,49,leave,0.21740077435970306
5,2,agent,50,answer,0.21593375504016876
5,2,patient,1,tell,1.044522762298584
5,2,patient,2,see,0.997776448726654
5,2,patient,3,asked,0.8868392705917358
5,2,patient,4,take,0.7674751281738281
5,2,patient,5,saw,0.7345162034034729
5,2,patient,6,help,0.6861449480056763
5,2,patient,7,ask,0.6531828045845032
5,2,patient,8,love,0.6397731304168701
5,2,patient,9,thank,0.6316802501678467
5,2,patient,10,left,0.6245712637901306
5,2,patient,11,put,0.6071166396141052
5,2,patient,12,find,0.6041756272315979
5,2,patient,13,keep,0.5811218619346619
5,2,patient,14,know,0.5783215761184692
5,2,patient,15,get,0.5680379867553711
5,2,patient,16,call,0.5318899750709534
5,2,patient,17,bring,0.48696568608283997
5,2,patient,18,leave,0.44644322991371155
5,2,patient,19,meet,0.44523608684539795
5,2,patient,20,hurt,0.4435528516769409
5,2,patient,21,gone,0.4426165521144867
5,2,patient,22,watching,0.4316604733467102
5,2,patient,23,married,0.40261146426200867
5,2,patient,24,asking,0.3967307507991791
5,2,patient,25,stop,0.3468027710914612
5,2,patient,26,leaving,0.3355445861816406
5,2,patient,27,visit,0.32967397570610046
5,2,patient,28,remind,0.3081599175930023
5,2,patient,29,kill,0.2778627574443817
5,2,patient,30,show,0.2757997512817383
5,2,patient,31,touch,0.2750953733921051
5,2,patient,32,give,0.2676481604576111
5,2,patient,33,believe,0.26701101660728455
5,2,patient,34,kiss,0.266495943069458
5,2,patient,35,hold,0.24174831807613373
5,2,patient,36,pull,0.2305477261543274
5,2,patient,37,let,0.22956795990467072
5,2,patient,38,protect,0.2277897596359253
5,2,patient,39,hear,0.21694466471672058
5,2,patient,40,force,0.21048687398433685
5,2,patient,41,remember,0.1968105286359787
5,2,patient,42,watch,0.19316363334655762
5,2,patient,43,join,0.1894252449274063
5,2,patient,44,got,0.17805032432079315
5,2,patient,45,like,0.1764768362045288
5,2,patient,46,teach,0.17047487199306488
5,2,patient,47,throw,0.16708414256572723
5,2,patient,48,miss,0.16328652203083038
5,2,patient,49,send,0.1631903052330017
5,2,patient,50,trust,0.16153967380523682
5,2,possessive,1,mother,1.1799663305282593
5,2,possessive,2,head,1.0850590467453003
5,2,possessive,3,face,1.0770477056503296
5,2,possessive,4,hand,0.9986855983734131
5,2,possessive,5,father,0.907820463180542
5,2,possessive,6,life,0.8916387557983398
5,2,possessive,7,sister,0.8609833121299744
5,2,possessive,8,husband,0.855682373046875
5,2,possessive,9,hair,0.8509474396705627
5,2,possessive,10,voice,0.799543559551239
5,2,possessive,11,room,0.7860832810401917
5,2,possessive,12,daughter,0.7300159931182861
5,2,possessive,13,body,0.7182751297950745
5,2,possessive,14,mind,0.7078853845596313
5,2,possessive,15,mouth,0.6800877451896667
5,2,possessive,16,heart,0.6798065900802612
5,2,possessive,17,brother,0.6282983422279358
5,2,possessive,18,family,0.6261650919914246
5,2,possessive,19,way,0.6202744245529175
5,2,possessive,20,aunt,0.5910996794700623
5,2,possessive,21,son,0.5731266736984253
5,2,possessive,22,skin,0.5726613998413086
5,2,possessive,23,arm,0.5714795589447021
5,2,possessive,24,death,0.5713250041007996
5,2,possessive,25,uncle,0.5476646423339844
5,2,possessive,26,bed,0.5457000136375427
5,2,possessive,27,name,0.5449644923210144
5,2,possessive,28,phone,0.5357761383056641
5,2,possessive,29,shoulder,0.533236026763916
5,2,possessive,30,dad,0.5173843502998352
5,2,possessive,31,mom,0.5172658562660217
5,2,possessive,32,neck,0.5126875638961792
5,2,possessive,33,throat,0.5000896453857422
5,2,possessive,34,own,0.4927688539028168
5,2,possessive,35,grandmother,0.4880298972129822
5,2,possessive,36,chest,0.47708660364151
5,2,possessive,37,friend,0.4714241623878479
5,2,possessive,38,apartment,0.4585800766944885
5,2,possessive,39,stomach,0.4506053626537323
5,2,possessive,40,cheek,0.4432933032512665
5,2,possessive,41,back,0.4234697222709656
5,2,possessive,42,nose,0.4170452356338501
5,2,possessive,43,gaze,0.4120880663394928
5,2,possessive,44,home,0.394676148891449
5,2,possessive,45,dress,0.3878612220287323
5,2,possessive,46,breath,0.3704557716846466
5,2,possessive,47,side,0.3640947639942169
5,2,possessive,48,forehead,0.35022491216659546
5,2,possessive,49,work,0.3492327332496643
5,2,possessive,50,chair,0.33859923481941223
5,2,predicative,1,sure,0.8405413627624512
5,2,predicative,2,sorry,0.7382194399833679
5,2,predicative,3,happy,0.6454909443855286
5,2,predicative,4,girl,0.6444272398948669
5,2,predicative,5,afraid,0.636709451675415
5,2,predicative,6,right,0.6200193762779236
5,2,predicative,7,old,0.5503293871879578
5,2,predicative,8,tired,0.5122705698013306
5,2,predicative,9,beautiful,0.4866235554218292
5,2,predicative,10,busy,0.4773259460926056
5,2,predicative,11,good,0.4769802391529083
5,2,predicative,12,ready,0.46782544255256653
5,2,predicative,13,aware,0.4475371539592743
5,2,predicative,14,woman,0.42038342356681824
5,2,predicative,15,person,0.3910198211669922
5,2,predicative,16,mother,0.3834446966648102
5,2,predicative,17,asleep,0.37673017382621765
5,2,predicative,18,child,0.3708384335041046
5,2,predicative,19,angry,0.3584786057472229
5,2,predicative,20,dead,0.355972558259964
5,2,predicative,21,sister,0.3403951823711395
5,2,predicative,22,pregnant,0.33996862173080444
5,2,predicative,23,lucky,0.3069031834602356
5,2,predicative,24,close,0.2927948534488678
5,2,predicative,25,fine,0.29056882858276367
5,2,predicative,26,sick,0.29006505012512207
5,2,predicative,27,alone,0.28806746006011963
5,2,predicative,28,daughter,0.24755018949508667
5,2,predicative,29,nervous,0.24426136910915375
5,2,predicative,30,man,0.23818551003932953
5,2,predicative,31,free,0.23119983077049255
5,2,predicative,32,part,0.22200767695903778
5,2,predicative,33,hungry,0.2068055421113968
5,2,predicative,34,scared,0.18529467284679413
5,2,predicative,35,frightened,0.18138402700424194
5,2,predicative,36,friend,0.17019252479076385
5,2,predicative,37,proud,0.16235242784023285
5,2,predicative,38,wife,0.14606840908527374
5,2,predicative,39,interested,0.13885892927646637
5,2,predicative,40,mistress,0.1309605985879898
5,2,predicative,41,ill,0.12041295319795609
5,2,predicative,42,stupid,0.10503364354372025
5,2,predicative,43,wrong,0.09420286864042282
5,2,predicative,44,awake,0.09031777083873749
5,2,predicative,45,concerned,0.08878494799137115
5,2,predicative,46,anxious,0.08030722290277481
5,2,predicative,47,kind,0.07221166789531708
5,2,predicative,48,ﬁne,0.06830340623855591
5,2,predicative,49,overwhelmed,0.06560789793729782
5,2,predicative,50,prostitute,0.06467994302511215
5,3,agent,1,said,1.4458391666412354
5,3,agent,2,had,0.9990863800048828
5,3,agent,3,looked,0.9201948046684265
5,3,agent,4,asked,0.8915808796882629
5,3,agent,5,know,0.843659520149231
5,3,agent,6,have,0.8125073313713074
5,3,agent,7,felt,0.8123068809509277
5,3,agent,8,thought,0.8075210452079773
5,3,agent,9,saw,0.7828614711761475
5,3,agent,10,wanted,0.7353555560112
5,3,agent,11,want,0.7326212525367737
5,3,agent,12,see,0.6975326538085938
5,3,agent,13,think,0.6892008185386658
5,3,agent,14,came,0.6334646344184875
5,3,agent,15,left,0.5971733927726746
5,3,agent,16,feel,0.5943334102630615
5,3,agent,17,sat,0.5925053358078003
5,3,agent,18,got,0.5664750337600708
5,3,agent,19,put,0.5640555620193481
5,3,agent,20,do,0.5511168241500854
5,3,agent,21,stood,0.5411950349807739
5,3,agent,22,say,0.5397690534591675
5,3,agent,23,going,0.5396367311477661
5,3,agent,24,go,0.5303864479064941
5,3,agent,25,get,0.5144336819648743
5,3,agent,26,come,0.5092414617538452
5,3,agent,27,let,0.48467347025871277
5,3,agent,28,tell,0.4811553955078125
5,3,agent,29,take,0.47129496932029724
5,3,agent,30,like,0.4530518352985382
5,3,agent,31,need,0.4447925090789795
5,3,agent,32,remember,0.44397005438804626
5,3,agent,33,look,0.4430515170097351
5,3,agent,34,hear,0.4329957067966461
5,3,agent,35,understand,0.40095338225364685
5,3,agent,36,make,0.39157021045684814
5,3,agent,37,ask,0.3473849892616272
5,3,agent,38,mean,0.3292478024959564
5,3,agent,39,read,0.3082359731197357
5,3,agent,40,spoke,0.29576143622398376
5,3,agent,41,help,0.29163670539855957
5,3,agent,42,become,0.28382956981658936
5,3,agent,43,find,0.27938002347946167
5,3,agent,44,love,0.2595345377922058
5,3,agent,45,try,0.253329873085022
5,3,agent,46,believe,0.2526642382144928
5,3,agent,47,leave,0.2521878778934479
5,3,agent,48,arrived,0.23115168511867523
5,3,agent,49,sitting,0.22905093431472778
5,3,agent,50,gone,0.22902683913707733
5,3,patient,1,tell,1.0696847438812256
5,3,patient,2,see,1.0079728364944458
5,3,patient,3,asked,0.8710970282554626
5,3,patient,4,take,0.7735723257064819
5,3,patient,5,saw,0.6988552212715149
5,3,patient,6,ask,0.6465676426887512
5,3,patient,7,help,0.6435356140136719
5,3,patient,8,thank,0.6383624076843262
5,3,patient,9,love,0.6200769543647766
5,3,patient,10,know,0.6137925386428833
5,3,patient,11,find,0.6102209687232971
5,3,patient,12,left,0.5985581874847412
5,3,patient,13,get,0.5750049948692322
5,3,patient,14,put,0.56011563539505
5,3,patient,15,keep,0.5495465993881226
5,3,patient,16,call,0.5187222361564636
5,3,patient,17,watching,0.4612085223197937
5,3,patient,18,leave,0.43450790643692017
5,3,patient,19,gone,0.4256458282470703
5,3,patient,20,bring,0.40286368131637573
5,3,patient,21,hurt,0.40176624059677124
5,3,patient,22,meet,0.39850249886512756
5,3,patient,23,asking,0.3846732974052429
5,3,patient,24,married,0.37502241134643555
5,3,patient,25,stop,0.341347336769104
5,3,patient,26,visit,0.3379954695701599
5,3,patient,27,kiss,0.32521381974220276
5,3,patient,28,leaving,0.3117768466472626
5,3,patient,29,kill,0.3103105127811432
5,3,patient,30,remind,0.2899315357208252
5,3,patient,31,show,0.2731933891773224
5,3,patient,32,believe,0.26701977849006653
5,3,patient,33,give,0.26381343603134155
5,3,patient,34,touch,0.2517508566379547
5,3,patient,35,protect,0.2352380007505417
5,3,patient,36,join,0.23429737985134125
5,3,patient,37,let,0.23249469697475433
5,3,patient,38,force,0.22455847263336182
5,3,patient,39,hear,0.22001570463180542
5,3,patient,40,throw,0.21436648070812225
5,3,patient,41,remember,0.21019329130649567
5,3,patient,42,send,0.20833854377269745
5,3,patient,43,hold,0.20722593367099762
5,3,patient,44,forgive,0.19524478912353516
5,3,patient,45,pull,0.19371217489242554
5,3,patient,46,approach,0.19123515486717224
5,3,patient,47,teach,0.18975985050201416
5,3,patient,48,recognize,0.1850149780511856
5,3,patient,49,got,0.18125875294208527
5,3,patient,50,cut,0.17535991966724396
5,3,possessive,1,mother,1.1406588554382324
5,3,possessive,2,head,1.0828022956848145
5,3,possessive,3,face,1.0394012928009033
5,3,possessive,4,hand,0.994275689125061
5,3,possessive,5,father,0.9357695579528809
5,3,possessive,6,life,0.8990529179573059
5,3,possessive,7,husband,0.8951608538627625
5,3,possessive,8,hair,0.8691224455833435
5,3,possessive,9,voice,0.8579461574554443
5,3,possessive,10,room,0.8058249354362488
5,3,possessive,11,sister,0.7744528651237488
5,3,possessive,12,daughter,0.7422527074813843
5,3,possessive,13,body,0.7277373671531677
5,3,possessive,14,mind,0.7135006785392761
5,3,possessive,15,mouth,0.6891010403633118
5,3,possessive,16,heart,0.6728987097740173
5,3,possessive,17,death,0.6397590041160583
5,3,possessive,18,family,0.6031128168106079
5,3,possessive,19,way,0.5814780592918396
5,3,possessive,20,brother,0.5604763627052307
5,3,possessive,21,phone,0.5602210164070129
5,3,possessive,22,son,0.5598017573356628
5,3,possessive,23,aunt,0.5593212246894836
5,3,possessive,24,arm,0.5569115281105042
5,3,possessive,25,grandmother,0.5489252209663391
5,3,possessive,26,name,0.5449321269989014
5,3,possessive,27,shoulder,0.5420057773590088
5,3,possessive,28,uncle,0.5322787761688232
5,3,possessive,29,skin,0.5219308137893677
5,3,possessive,30,neck,0.5196768045425415
5,3,possessive,31,bed,0.5130415558815002
5,3,possessive,32,mom,0.506756067276001
5,3,possessive,33,friend,0.5041490197181702
5,3,possessive,34,own,0.48362255096435547
5,3,possessive,35,throat,0.48354652523994446
5,3,possessive,36,chest,0.4796828627586365
5,3,possessive,37,dress,0.4649772644042969
5,3,possessive,38,cheek,0.45527899265289307
5,3,possessive,39,apartment,0.4450758397579193
5,3,possessive,40,home,0.42493361234664917
5,3,possessive,41,back,0.42373862862586975
5,3,possessive,42,side,0.41977691650390625
5,3,possessive,43,breath,0.39946821331977844
5,3,possessive,44,gaze,0.3898635804653168
5,3,possessive,45,stomach,0.3758140206336975
5,3,possessive,46,nose,0.3717038035392761
5,3,possessive,47,tongue,0.3627516031265259
5,3,possessive,48,chin,0.3576847314834595
5,3,possessive,49,lover,0.3453679382801056
5,3,possessive,50,surprise,0.34197813272476196
5,3,predicative,1,sure,0.8424246907234192
5,3,predicative,2,sorry,0.7015891671180725
5,3,predicative,3,right,0.6709292531013489
5,3,predicative,4,afraid,0.6521122455596924
5,3,predicative,5,girl,0.631364643573761
5,3,predicative,6,happy,0.6189466714859009
5,3,predicative,7,old,0.5512052178382874
5,3,predicative,8,tired,0.5236191749572754
5,3,predicative,9,beautiful,0.5069388151168823
5,3,predicative,10,aware,0.4743219316005707
5,3,predicative,11,good,0.46952950954437256
5,3,predicative,12,busy,0.45506879687309265
5,3,predicative,13,ready,0.43161964416503906
5,3,predicative,14,woman,0.4185240864753723
5,3,predicative,15,person,0.39834272861480713
5,3,predicative,16,dead,0.3834841549396515
5,3,predicative,17,child,0.36932095885276794
5,3,predicative,18,mother,0.34744584560394287
5,3,predicative,19,asleep,0.34363439679145813
5,3,predicative,20,fine,0.3362199366092682
5,3,predicative,21,sister,0.33175867795944214
5,3,predicative,22,pregnant,0.32198041677474976
5,3,predicative,23,lucky,0.3161807358264923
5,3,predicative,24,angry,0.31397736072540283
5,3,predicative,25,sick,0.28547778725624084
5,3,predicative,26,close,0.25649169087409973
5,3,predicative,27,alone,0.24620600044727325
5,3,predicative,28,daughter,0.23655875027179718
5,3,predicative,29,free,0.2341376692056656
5,3,predicative,30,man,0.23029625415802002
5,3,predicative,31,part,0.22345969080924988
5,3,predicative,32,nervous,0.22225932776927948
5,3,predicative,33,hungry,0.20941980183124542
5,3,predicative,34,interested,0.18393023312091827
5,3,predicative,35,frightened,0.16146227717399597
5,3,predicative,36,scared,0.15141510963439941
5,3,predicative,37,ill,0.1487492173910141
5,3,predicative,38,awake,0.13610514998435974
5,3,predicative,39,wrong,0.12900245189666748
5,3,predicative,40,proud,0.12725673615932465
5,3,predicative,41,one,0.12111663073301315
5,3,predicative,42,upset,0.11412414163351059
5,3,predicative,43,mistress,0.1092696264386177
5,3,predicative,44,wife,0.10457009077072144
5,3,predicative,45,first,0.10240817815065384
5,3,predicative,46,anxious,0.10091272741556168
5,3,predicative,47,careful,0.09708844870328903
5,3,predicative,48,friend,0.0932224690914154
5,3,predicative,49,stupid,0.08929921686649323
5,3,predicative,50,smart,0.0780995562672615
5,4,agent,1,said,1.4090765714645386
5,4,agent,2,had,0.9717395305633545
5,4,agent,3,looked,0.9065023064613342
5,4,agent,4,asked,0.8939462900161743
5,4,agent,5,know,0.8750404715538025
5,4,agent,6,thought,0.8323295712471008
5,4,agent,7,saw,0.8215862512588501
5,4,agent,8,felt,0.8040562272071838
5,4,agent,9,have,0.8020293712615967
5,4,agent,10,want,0.7552515864372253
5,4,agent,11,wanted,0.7117220759391785
5,4,agent,12,sat,0.6825198531150818
5,4,agent,13,see,0.6475194096565247
5,4,agent,14,came,0.6462959051132202
5,4,agent,15,say,0.629378080368042
5,4,agent,16,think,0.6129857897758484
5,4,agent,17,feel,0.5724103450775146
5,4,agent,18,do,0.5594713687896729
5,4,agent,19,got,0.5573055744171143
5,4,agent,20,put,0.5570264458656311
5,4,agent,21,stood,0.546086847782135
5,4,agent,22,going,0.5382795929908752
5,4,agent,23,go,0.5332175493240356
5,4,agent,24,left,0.5195862650871277
5,4,agent,25,tell,0.49309927225112915
5,4,agent,26,come,0.49251964688301086
5,4,agent,27,get,0.4720005989074707
5,4,agent,28,let,0.44204890727996826
5,4,agent,29,remember,0.43978071212768555
5,4,agent,30,look,0.42717310786247253
5,4,agent,31,like,0.41774141788482666
5,4,agent,32,take,0.4175051152706146
5,4,agent,33,understand,0.4026632606983185
5,4,agent,34,hear,0.375367134809494
5,4,agent,35,need,0.36614251136779785
5,4,agent,36,make,0.35253775119781494
5,4,agent,37,help,0.3503476679325104
5,4,agent,38,ask,0.3362225294113159
5,4,agent,39,spoke,0.3197232782840729
5,4,agent,40,read,0.31618329882621765
5,4,agent,41,try,0.31436899304389954
5,4,agent,42,believe,0.2905566096305847
5,4,agent,43,become,0.2772742509841919
5,4,agent,44,find,0.2741144299507141
5,4,agent,45,mean,0.2558470368385315
5,4,agent,46,leave,0.25260478258132935
5,4,agent,47,arrived,0.2517361044883728
5,4,agent,48,love,0.22696217894554138
5,4,agent,49,stop,0.20178534090518951
5,4,agent,50,answer,0.19685611128807068
5,4,patient,1,tell,1.0128376483917236
5,4,patient,2,see,0.9717384576797485
5,4,patient,3,asked,0.8970726728439331
5,4,patient,4,take,0.7581066489219666
5,4,patient,5,ask,0.6873542666435242
5,4,patient,6,saw,0.6849097609519958
5,4,patient,7,help,0.6589931845664978
5,4,patient,8,thank,0.6207786798477173
5,4,patient,9,find,0.6162140965461731
5,4,patient,10,know,0.6079884767532349
5,4,patient,11,love,0.5964418053627014
5,4,patient,12,left,0.5917503237724304
5,4,patient,13,get,0.5748693943023682
5,4,patient,14,put,0.5619126558303833
5,4,patient,15,keep,0.5475436449050903
5,4,patient,16,call,0.5092134475708008
5,4,patient,17,bring,0.43367719650268555
5,4,patient,18,watching,0.42531290650367737
5,4,patient,19,leave,0.4157843589782715
5,4,patient,20,gone,0.4071880877017975
5,4,patient,21,hurt,0.401675820350647
5,4,patient,22,married,0.39634791016578674
5,4,patient,23,meet,0.38564276695251465
5,4,patient,24,asking,0.35880279541015625
5,4,patient,25,stop,0.3317728042602539
5,4,patient,26,kill,0.3274593949317932
5,4,patient,27,visit,0.3227423131465912
5,4,patient,28,leaving,0.3161974549293518
5,4,patient,29,kiss,0.30943912267684937
5,4,patient,30,remind,0.30847278237342834
5,4,patient,31,believe,0.28424227237701416
5,4,patient,32,show,0.27337270975112915
5,4,patient,33,join,0.2654072344303131
5,4,patient,34,let,0.24812111258506775
5,4,patient,35,force,0.2433355301618576
5,4,patient,36,watch,0.2342800796031952
5,4,patient,37,approach,0.2320718765258789
5,4,patient,38,hold,0.22379355132579803
5,4,patient,39,pull,0.2224540412425995
5,4,patient,40,hear,0.22042235732078552
5,4,patient,41,forgive,0.21340125799179077
5,4,patient,42,send,0.21145495772361755
5,4,patient,43,throw,0.2108888030052185
5,4,patient,44,protect,0.2088131457567215
5,4,patient,45,give,0.20766329765319824
5,4,patient,46,touch,0.2026604562997818
5,4,patient,47,teach,0.19308874011039734
5,4,patient,48,remember,0.18171393871307373
5,4,patient,49,had,0.18073846399784088
5,4,patient,50,trust,0.17332464456558228
5,4,possessive,1,mother,1.1073858737945557
5,4,possessive,2,head,1.069004774093628
5,4,possessive,3,face,1.0427063703536987
5,4,possessive,4,hand,0.9571965932846069
5,4,possessive,5,father,0.8852275013923645
5,4,possessive,6,life,0.8771582245826721
5,4,possessive,7,husband,0.8729063272476196
5,4,possessive,8,voice,0.8486157059669495
5,4,possessive,9,sister,0.8402739763259888
5,4,possessive,10,hair,0.8229132294654846
5,4,possessive,11,mind,0.7918590307235718
5,4,possessive,12,body,0.7768651247024536
5,4,possessive,13,room,0.7662152051925659
5,4,possessive,14,daughter,0.7372703552246094
5,4,possessive,15,mouth,0.7307525277137756
5,4,possessive,16,heart,0.6714844107627869
5,4,possessive,17,family,0.6313477158546448
5,4,possessive,18,death,0.6038884520530701
5,4,possessive,19,way,0.574893057346344
5,4,possessive,20,son,0.5724199414253235
5,4,possessive,21,brother,0.572157621383667
5,4,possessive,22,name,0.5682914853096008
5,4,possessive,23,bed,0.5603501200675964
5,4,possessive,24,shoulder,0.5586435198783875
5,4,possessive,25,aunt,0.5584797859191895
5,4,possessive,26,arm,0.5560348629951477
5,4,possessive,27,skin,0.5507968664169312
5,4,possessive,28,throat,0.53626549243927
5,4,possessive,29,mom,0.51454758644104
5,4,possessive,30,chest,0.5064592957496643
5,4,possessive,31,friend,0.5015744566917419
5,4,possessive,32,own,0.4990922510623932
5,4,possessive,33,apartment,0.4903881251811981
5,4,possessive,34,neck,0.4818684458732605
5,4,possessive,35,grandmother,0.4756986200809479
5,4,possessive,36,uncle,0.464449018239975
5,4,possessive,37,phone,0.44336751103401184
5,4,possessive,38,back,0.43897727131843567
5,4,possessive,39,cheek,0.4346601665019989
5,4,possessive,40,stomach,0.41662031412124634
5,4,possessive,41,dress,0.3999290466308594
5,4,possessive,42,gaze,0.399433434009552
5,4,possessive,43,side,0.3926987946033478
5,4,possessive,44,breath,0.3813856244087219
5,4,possessive,45,nose,0.37951743602752686
5,4,possessive,46,home,0.3700505197048187
5,4,possessive,47,work,0.3688143491744995
5,4,possessive,48,chair,0.3417542576789856
5,4,possessive,49,house,0.340196430683136
5,4,possessive,50,case,0.3380107581615448
5,4,predicative,1,sure,0.841065526008606
5,4,predicative,2,sorry,0.7036952972412109
5,4,predicative,3,girl,0.6375263929367065
5,4,predicative,4,happy,0.6062265634536743
5,4,predicative,5,right,0.6007104516029358
5,4,predicative,6,afraid,0.5955767035484314
5,4,predicative,7,old,0.553643524646759
5,4,predicative,8,tired,0.5078495740890503
5,4,predicative,9,beautiful,0.48484310507774353
5,4,predicative,10,busy,0.4547201991081238
5,4,predicative,11,good,0.45079365372657776
5,4,predicative,12,aware,0.4364473521709442
5,4,predicative,13,woman,0.42779770493507385
5,4,predicative,14,ready,0.4083804786205292
5,4,predicative,15,child,0.4018558859825134
5,4,predicative,16,lucky,0.38598722219467163
5,4,predicative,17,person,0.3584670424461365
5,4,predicative,18,dead,0.355995237827301
5,4,predicative,19,angry,0.3532739281654358
5,4,predicative,20,asleep,0.34142324328422546
5,4,predicative,21,mother,0.3215577006340027
5,4,predicative,22,fine,0.3182290494441986
5,4,predicative,23,sick,0.3039079010486603
5,4,predicative,24,pregnant,0.2953496277332306
5,4,predicative,25,sister,0.2918892204761505
5,4,predicative,26,close,0.26000213623046875
5,4,predicative,27,nervous,0.25644803047180176
5,4,predicative,28,alone,0.25592562556266785
5,4,predicative,29,daughter,0.23699383437633514
5,4,predicative,30,free,0.21545624732971191
5,4,predicative,31,wife,0.19767406582832336
5,4,predicative,32,man,0.19601605832576752
5,4,predicative,33,scared,0.18425855040550232
5,4,predicative,34,friend,0.17640013992786407
5,4,predicative,35,hungry,0.17181181907653809
5,4,predicative,36,part,0.16792109608650208
5,4,predicative,37,interested,0.16299393773078918
5,4,predicative,38,ill,0.15801115334033966
5,4,predicative,39,proud,0.1396045833826065
5,4,predicative,40,frightened,0.13035030663013458
5,4,predicative,41,awake,0.12765830755233765
5,4,predicative,42,determined,0.11495828628540039
5,4,predicative,43,concerned,0.11228574812412262
5,4,predicative,44,upset,0.10242676734924316
5,4,predicative,45,mistress,0.09785715490579605
5,4,predicative,46,wrong,0.09627605229616165
5,4,predicative,47,prostitute,0.0916472002863884
5,4,predicative,48,servant,0.08970236033201218
5,4,predicative,49,careful,0.08777130395174026
5,4,predicative,50,anxious,0.08400043845176697
